Title,Description,Link,Media URL,Pinterest board,Publish date
Free 16 Addition Math Worksheet For Grade 3 | Printable Practice,Help kids master Addition with this printable worksheet for Grade 3. Great for daily math practice.,https://mathworksheetbank.github.io/html/free-16-addition-math-worksheet-for-grade-3-1082.html,https://mathworksheetbank.github.io/images/free-16-addition-math-worksheet-for-grade-3-1082.jpg,Printable Worksheets,03/17/2026 08:27:00 AM
Free Kindergarten Count and Color Worksheet,Teachers and parents love this Count and Color worksheet for Kindergarten. Download and print instantly.,https://mathworksheetbank.github.io/html/free-kindergarten-count-and-color-worksheet-3887.html,https://mathworksheetbank.github.io/images/free-kindergarten-count-and-color-worksheet-3887.jpg,Kids Math Worksheets,03/17/2026 11:04:00 AM
Learn Counting With Pictures Worksheet (Pre-K) - Part 3 | Printable Practice,Teachers and parents love this Counting Objects worksheet for Pre-K. Download and print instantly.,https://mathworksheetbank.github.io/html/learn-counting-with-pictures-worksheet-pre-k-part-3-4141.html,https://mathworksheetbank.github.io/images/learn-counting-with-pictures-worksheet-pre-k-part-3-4141.jpg,Printable Worksheets,03/17/2026 01:35:00 PM
Printable Free 29 Division Math Worksheet For Grade 2 - Part 4 | Printable Practice,Printable Division worksheet designed for Grade 2 students. Easy and fun math practice.,https://mathworksheetbank.github.io/html/printable-free-29-division-math-worksheet-for-grade-2-part-4-6348.html,https://mathworksheetbank.github.io/images/printable-free-29-division-math-worksheet-for-grade-2-part-4-6348.jpg,Printable Worksheets,03/17/2026 04:30:00 PM
8 Math Trivia Quiz Worksheet for Teens,Help kids master Math with this printable worksheet for Math. Great for daily math practice.,https://mathworksheetbank.github.io/html/8-math-trivia-quiz-worksheet-for-teens-1181.html,https://mathworksheetbank.github.io/images/8-math-trivia-quiz-worksheet-for-teens-1181.jpg,Math Practice Printables,03/17/2026 08:36:00 PM
Missing Number Math Worksheet,Free printable Missing Number worksheet for Grade 1. Perfect for homeschool practice and classroom activities.,https://mathworksheetbank.github.io/html/missing-number-math-worksheet-4682.html,https://mathworksheetbank.github.io/images/missing-number-math-worksheet-4682.jpg,Homeschool Math,03/18/2026 08:36:00 AM
Mixed Operations Math Worksheet,Teachers and parents love this Mixed Operations worksheet for Grade 3. Download and print instantly.,https://mathworksheetbank.github.io/html/mixed-operations-math-worksheet-3647.html,https://mathworksheetbank.github.io/images/mixed-operations-math-worksheet-3647.jpg,Printable Worksheets,03/18/2026 11:00:00 AM
Free 15 Multiplication Math Worksheet For Grade 1 - Part 8 | Printable Practice,Fun and engaging Multiplication worksheet for Grade 1. Perfect printable math practice.,https://mathworksheetbank.github.io/html/free-15-multiplication-math-worksheet-for-grade-1-part-8-1629.html,https://mathworksheetbank.github.io/images/free-15-multiplication-math-worksheet-for-grade-1-part-8-1629.jpg,Elementary Math Activities,03/18/2026 01:28:00 PM
Free 26 Subtraction Math Worksheet For Grade 3 With Answers - Part 9 | Printable Practice,Help kids master Subtraction with this printable worksheet for Grade 3. Great for daily math practice.,https://mathworksheetbank.github.io/html/free-26-subtraction-math-worksheet-for-grade-3-with-answers-part-9-1951.html,https://mathworksheetbank.github.io/images/free-26-subtraction-math-worksheet-for-grade-3-with-answers-part-9-1951.jpg,Math Practice Printables,03/18/2026 04:35:00 PM
Grade 3 Multiplication Table 8 Practice - Part 10 | Printable Practice,Teachers and parents love this Times Table worksheet for Grade 3. Download and print instantly.,https://mathworksheetbank.github.io/html/grade-3-multiplication-table-8-practice-part-10-2447.html,https://mathworksheetbank.github.io/images/grade-3-multiplication-table-8-practice-part-10-2447.jpg,Kids Math Worksheets,03/18/2026 08:33:00 PM
Printable Tracing Worksheet For Kids - Part 11 | Free Printable,Help kids master Tracing with this printable worksheet for Preschool. Great for daily math practice.,https://mathworksheetbank.github.io/html/printable-tracing-worksheet-for-kids-part-11-2405.html,https://mathworksheetbank.github.io/images/printable-tracing-worksheet-for-kids-part-11-2405.jpg,Homeschool Math,03/19/2026 08:38:00 AM
Math Word Problem Worksheet,Free printable Word Problem worksheet for Grade 3. Perfect for homeschool practice and classroom activities.,https://mathworksheetbank.github.io/html/math-word-problem-worksheet-6420.html,https://mathworksheetbank.github.io/images/math-word-problem-worksheet-6420.jpg,Math Practice Printables,03/19/2026 11:03:00 AM
Grade 3 Addition Practice Worksheet (22 Problems) - Part 13 | Printable Practice,Fun and engaging Addition worksheet for Grade 3. Perfect printable math practice.,https://mathworksheetbank.github.io/html/grade-3-addition-practice-worksheet-22-problems-part-13-8986.html,https://mathworksheetbank.github.io/images/grade-3-addition-practice-worksheet-22-problems-part-13-8986.jpg,Kids Math Worksheets,03/19/2026 01:29:00 PM
Fun Count and Color Objects Worksheet for Kindergarten,Printable Count and Color worksheet designed for Kindergarten students. Easy and fun math practice.,https://mathworksheetbank.github.io/html/fun-count-and-color-objects-worksheet-for-kindergarten-3681.html,https://mathworksheetbank.github.io/images/fun-count-and-color-objects-worksheet-for-kindergarten-3681.jpg,Printable Worksheets,03/19/2026 04:35:00 PM
Learn Counting With Pictures Worksheet (Kindergarten) - Part 15 | Printable Practice,Free printable Counting Objects worksheet for Kindergarten. Perfect for homeschool practice and classroom activities.,https://mathworksheetbank.github.io/html/learn-counting-with-pictures-worksheet-kindergarten-part-15-6327.html,https://mathworksheetbank.github.io/images/learn-counting-with-pictures-worksheet-kindergarten-part-15-6327.jpg,Homeschool Math,03/19/2026 08:25:00 PM
Free 28 Division Math Worksheet For Grade 2 With Answers - Part 16 | Printable Practice,Help kids master Division with this printable worksheet for Grade 2. Great for daily math practice.,https://mathworksheetbank.github.io/html/free-28-division-math-worksheet-for-grade-2-with-answers-part-16-3281.html,https://mathworksheetbank.github.io/images/free-28-division-math-worksheet-for-grade-2-with-answers-part-16-3281.jpg,Homeschool Math,03/20/2026 08:38:00 AM
Interactive Mathematics Quiz Worksheet (4 Questions),Help kids master Math with this printable worksheet for Math. Great for daily math practice.,https://mathworksheetbank.github.io/html/interactive-mathematics-quiz-worksheet-4-questions-7746.html,https://mathworksheetbank.github.io/images/interactive-mathematics-quiz-worksheet-4-questions-7746.jpg,Elementary Math Activities,03/20/2026 11:04:00 AM
Missing Number Math Worksheet,Free printable Missing Number worksheet for Grade 1. Perfect for homeschool practice and classroom activities.,https://mathworksheetbank.github.io/html/missing-number-math-worksheet-1291.html,https://mathworksheetbank.github.io/images/missing-number-math-worksheet-1291.jpg,Math Practice Printables,03/20/2026 01:33:00 PM
Mixed Operations Math Worksheet,Teachers and parents love this Mixed Operations worksheet for Grade 3. Download and print instantly.,https://mathworksheetbank.github.io/html/mixed-operations-math-worksheet-4131.html,https://mathworksheetbank.github.io/images/mixed-operations-math-worksheet-4131.jpg,Printable Worksheets,03/20/2026 04:27:00 PM
Free 28 Multiplication Math Worksheet For Grade 2 - Part 20 | Printable Practice,Fun and engaging Multiplication worksheet for Grade 2. Perfect printable math practice.,https://mathworksheetbank.github.io/html/free-28-multiplication-math-worksheet-for-grade-2-part-20-2582.html,https://mathworksheetbank.github.io/images/free-28-multiplication-math-worksheet-for-grade-2-part-20-2582.jpg,Math Practice Printables,03/20/2026 08:25:00 PM
Free 28 Subtraction Math Worksheet For Grade 3 - Part 21 | Printable Practice,Help kids master Subtraction with this printable worksheet for Grade 3. Great for daily math practice.,https://mathworksheetbank.github.io/html/free-28-subtraction-math-worksheet-for-grade-3-part-21-3942.html,https://mathworksheetbank.github.io/images/free-28-subtraction-math-worksheet-for-grade-3-part-21-3942.jpg,Elementary Math Activities,03/21/2026 08:25:00 AM
9 Times Table Worksheet For Grade 3 - Part 22 | Printable Practice,Free printable Times Table worksheet for Grade 3. Perfect for homeschool practice and classroom activities.,https://mathworksheetbank.github.io/html/9-times-table-worksheet-for-grade-3-part-22-5220.html,https://mathworksheetbank.github.io/images/9-times-table-worksheet-for-grade-3-part-22-5220.jpg,Printable Worksheets,03/21/2026 11:05:00 AM
Printable Tracing Worksheet For Kids - Part 23 | Free Printable,Help kids master Tracing with this printable worksheet for Kindergarten. Great for daily math practice.,https://mathworksheetbank.github.io/html/printable-tracing-worksheet-for-kids-part-23-2138.html,https://mathworksheetbank.github.io/images/printable-tracing-worksheet-for-kids-part-23-2138.jpg,Elementary Math Activities,03/21/2026 01:38:00 PM
Math Word Problem Worksheet,Free printable Word Problem worksheet for Grade 3. Perfect for homeschool practice and classroom activities.,https://mathworksheetbank.github.io/html/math-word-problem-worksheet-4368.html,https://mathworksheetbank.github.io/images/math-word-problem-worksheet-4368.jpg,Kids Math Worksheets,03/21/2026 04:32:00 PM
Grade 3 Addition Practice Worksheet (19 Problems) - Part 25 | Printable Practice,Free printable Addition worksheet for Grade 3. Perfect for homeschool practice and classroom activities.,https://mathworksheetbank.github.io/html/grade-3-addition-practice-worksheet-19-problems-part-25-5199.html,https://mathworksheetbank.github.io/images/grade-3-addition-practice-worksheet-19-problems-part-25-5199.jpg,Homeschool Math,03/21/2026 08:33:00 PM
Printable Count and Color Worksheet for Grade 1 Kids,Printable Count and Color worksheet designed for Grade 1 students. Easy and fun math practice.,https://mathworksheetbank.github.io/html/printable-count-and-color-worksheet-for-grade-1-kids-6119.html,https://mathworksheetbank.github.io/images/printable-count-and-color-worksheet-for-grade-1-kids-6119.jpg,Math Practice Printables,03/22/2026 08:36:00 AM
Learn Counting With Pictures Worksheet (Kindergarten) - Part 27 | Printable Practice,Printable Counting Objects worksheet designed for Kindergarten students. Easy and fun math practice.,https://mathworksheetbank.github.io/html/learn-counting-with-pictures-worksheet-kindergarten-part-27-3734.html,https://mathworksheetbank.github.io/images/learn-counting-with-pictures-worksheet-kindergarten-part-27-3734.jpg,Printable Worksheets,03/22/2026 11:00:00 AM
Printable Free 21 Division Math Worksheet For Grade 1 - Part 28 | Printable Practice,Printable Division worksheet designed for Grade 1 students. Easy and fun math practice.,https://mathworksheetbank.github.io/html/printable-free-21-division-math-worksheet-for-grade-1-part-28-3291.html,https://mathworksheetbank.github.io/images/printable-free-21-division-math-worksheet-for-grade-1-part-28-3291.jpg,Math Practice Printables,03/22/2026 01:27:00 PM
General Knowledge Mathematics Quiz Test Worksheet for Study,Free printable Math worksheet for Math. Perfect for homeschool practice and classroom activities.,https://mathworksheetbank.github.io/html/general-knowledge-mathematics-quiz-test-worksheet-for-study-9060.html,https://mathworksheetbank.github.io/images/general-knowledge-mathematics-quiz-test-worksheet-for-study-9060.jpg,Math Practice Printables,03/22/2026 04:31:00 PM
Missing Number Math Worksheet,Help kids master Missing Number with this printable worksheet for Grade 1. Great for daily math practice.,https://mathworksheetbank.github.io/html/missing-number-math-worksheet-4543.html,https://mathworksheetbank.github.io/images/missing-number-math-worksheet-4543.jpg,Printable Worksheets,03/22/2026 08:35:00 PM
Mixed Operations Math Worksheet,Help kids master Mixed Operations with this printable worksheet for Grade 3. Great for daily math practice.,https://mathworksheetbank.github.io/html/mixed-operations-math-worksheet-4649.html,https://mathworksheetbank.github.io/images/mixed-operations-math-worksheet-4649.jpg,Kids Math Worksheets,03/23/2026 08:24:00 AM
Free 27 Multiplication Math Worksheet For Grade 1 With Answers - Part 32 | Printable Practice,Help kids master Multiplication with this printable worksheet for Grade 1. Great for daily math practice.,https://mathworksheetbank.github.io/html/free-27-multiplication-math-worksheet-for-grade-1-with-answers-part-32-9787.html,https://mathworksheetbank.github.io/images/free-27-multiplication-math-worksheet-for-grade-1-with-answers-part-32-9787.jpg,Elementary Math Activities,03/23/2026 11:00:00 AM
Free 16 Subtraction Math Worksheet For Grade 3 With Answers - Part 33 | Printable Practice,Teachers and parents love this Subtraction worksheet for Grade 3. Download and print instantly.,https://mathworksheetbank.github.io/html/free-16-subtraction-math-worksheet-for-grade-3-with-answers-part-33-3514.html,https://mathworksheetbank.github.io/images/free-16-subtraction-math-worksheet-for-grade-3-with-answers-part-33-3514.jpg,Kids Math Worksheets,03/23/2026 01:30:00 PM
Grade 3 Multiplication Table 9 Practice - Part 34 | Printable Practice,Fun and engaging Times Table worksheet for Grade 3. Perfect printable math practice.,https://mathworksheetbank.github.io/html/grade-3-multiplication-table-9-practice-part-34-9048.html,https://mathworksheetbank.github.io/images/grade-3-multiplication-table-9-practice-part-34-9048.jpg,Printable Worksheets,03/23/2026 04:35:00 PM
Printable Tracing Worksheet For Kids - Part 35 | Free Printable,Free printable Tracing worksheet for Kindergarten. Perfect for homeschool practice and classroom activities.,https://mathworksheetbank.github.io/html/printable-tracing-worksheet-for-kids-part-35-9013.html,https://mathworksheetbank.github.io/images/printable-tracing-worksheet-for-kids-part-35-9013.jpg,Homeschool Math,03/23/2026 08:35:00 PM
Math Word Problem Worksheet,Teachers and parents love this Word Problem worksheet for Grade 3. Download and print instantly.,https://mathworksheetbank.github.io/html/math-word-problem-worksheet-6203.html,https://mathworksheetbank.github.io/images/math-word-problem-worksheet-6203.jpg,Homeschool Math,03/24/2026 08:33:00 AM
Printable Free 11 Addition Math Worksheet For Grade 1 - Part 37 | Printable Practice,Fun and engaging Addition worksheet for Grade 1. Perfect printable math practice.,https://mathworksheetbank.github.io/html/printable-free-11-addition-math-worksheet-for-grade-1-part-37-7603.html,https://mathworksheetbank.github.io/images/printable-free-11-addition-math-worksheet-for-grade-1-part-37-7603.jpg,Math Practice Printables,03/24/2026 11:03:00 AM
4 Free Count and Color Worksheets for Preschool,Help kids master Count and Color with this printable worksheet for Preschool. Great for daily math practice.,https://mathworksheetbank.github.io/html/4-free-count-and-color-worksheets-for-preschool-8013.html,https://mathworksheetbank.github.io/images/4-free-count-and-color-worksheets-for-preschool-8013.jpg,Math Practice Printables,03/24/2026 01:30:00 PM
Pre-K Count The Objects Worksheet - Part 39 | Printable Practice,Fun and engaging Counting Objects worksheet for Pre-K. Perfect printable math practice.,https://mathworksheetbank.github.io/html/pre-k-count-the-objects-worksheet-part-39-3455.html,https://mathworksheetbank.github.io/images/pre-k-count-the-objects-worksheet-part-39-3455.jpg,Homeschool Math,03/24/2026 04:24:00 PM
Free 21 Division Math Worksheet For Grade 2 - Part 40 | Printable Practice,Help kids master Division with this printable worksheet for Grade 2. Great for daily math practice.,https://mathworksheetbank.github.io/html/free-21-division-math-worksheet-for-grade-2-part-40-8699.html,https://mathworksheetbank.github.io/images/free-21-division-math-worksheet-for-grade-2-part-40-8699.jpg,Printable Worksheets,03/24/2026 08:22:00 PM
Interactive Math Skill Test Worksheet (8 Questions),Fun and engaging Math worksheet for Math. Perfect printable math practice.,https://mathworksheetbank.github.io/html/interactive-math-skill-test-worksheet-8-questions-8196.html,https://mathworksheetbank.github.io/images/interactive-math-skill-test-worksheet-8-questions-8196.jpg,Kids Math Worksheets,03/25/2026 08:30:00 AM
Missing Number Math Worksheet,Teachers and parents love this Missing Number worksheet for Grade 1. Download and print instantly.,https://mathworksheetbank.github.io/html/missing-number-math-worksheet-4472.html,https://mathworksheetbank.github.io/images/missing-number-math-worksheet-4472.jpg,Printable Worksheets,03/25/2026 11:03:00 AM
Mixed Operations Math Worksheet,Free printable Mixed Operations worksheet for Grade 3. Perfect for homeschool practice and classroom activities.,https://mathworksheetbank.github.io/html/mixed-operations-math-worksheet-3124.html,https://mathworksheetbank.github.io/images/mixed-operations-math-worksheet-3124.jpg,Elementary Math Activities,03/25/2026 01:25:00 PM
Free 10 Multiplication Math Worksheet For Grade 2 - Part 44 | Printable Practice,Printable Multiplication worksheet designed for Grade 2 students. Easy and fun math practice.,https://mathworksheetbank.github.io/html/free-10-multiplication-math-worksheet-for-grade-2-part-44-3008.html,https://mathworksheetbank.github.io/images/free-10-multiplication-math-worksheet-for-grade-2-part-44-3008.jpg,Kids Math Worksheets,03/25/2026 04:24:00 PM
Printable Free 29 Subtraction Math Worksheet For Grade 3 - Part 45 | Printable Practice,Teachers and parents love this Subtraction worksheet for Grade 3. Download and print instantly.,https://mathworksheetbank.github.io/html/printable-free-29-subtraction-math-worksheet-for-grade-3-part-45-9390.html,https://mathworksheetbank.github.io/images/printable-free-29-subtraction-math-worksheet-for-grade-3-part-45-9390.jpg,Elementary Math Activities,03/25/2026 08:24:00 PM
Printable 9 Times Table Worksheet For Grade 3 - Part 46 | Printable Practice,Teachers and parents love this Times Table worksheet for Grade 3. Download and print instantly.,https://mathworksheetbank.github.io/html/printable-9-times-table-worksheet-for-grade-3-part-46-8825.html,https://mathworksheetbank.github.io/images/printable-9-times-table-worksheet-for-grade-3-part-46-8825.jpg,Math Practice Printables,03/26/2026 08:23:00 AM
Printable Tracing Worksheet For Kids - Part 47 | Free Printable,Fun and engaging Tracing worksheet for Kindergarten. Perfect printable math practice.,https://mathworksheetbank.github.io/html/printable-tracing-worksheet-for-kids-part-47-5877.html,https://mathworksheetbank.github.io/images/printable-tracing-worksheet-for-kids-part-47-5877.jpg,Homeschool Math,03/26/2026 11:00:00 AM
Math Word Problem Worksheet,Teachers and parents love this Word Problem worksheet for Grade 3. Download and print instantly.,https://mathworksheetbank.github.io/html/math-word-problem-worksheet-9112.html,https://mathworksheetbank.github.io/images/math-word-problem-worksheet-9112.jpg,Math Practice Printables,03/26/2026 01:24:00 PM
Grade 3 Addition Practice Worksheet (16 Problems) - Part 49 | Printable Practice,Fun and engaging Addition worksheet for Grade 3. Perfect printable math practice.,https://mathworksheetbank.github.io/html/grade-3-addition-practice-worksheet-16-problems-part-49-1657.html,https://mathworksheetbank.github.io/images/grade-3-addition-practice-worksheet-16-problems-part-49-1657.jpg,Homeschool Math,03/26/2026 04:27:00 PM
5 Free Count and Color Worksheets for Kindergarten,Fun and engaging Count and Color worksheet for Kindergarten. Perfect printable math practice.,https://mathworksheetbank.github.io/html/5-free-count-and-color-worksheets-for-kindergarten-1840.html,https://mathworksheetbank.github.io/images/5-free-count-and-color-worksheets-for-kindergarten-1840.jpg,Kids Math Worksheets,03/26/2026 08:29:00 PM
Kindergarten Count The Objects Worksheet - Part 51 | Printable Practice,Free printable Counting Objects worksheet for Kindergarten. Perfect for homeschool practice and classroom activities.,https://mathworksheetbank.github.io/html/kindergarten-count-the-objects-worksheet-part-51-8871.html,https://mathworksheetbank.github.io/images/kindergarten-count-the-objects-worksheet-part-51-8871.jpg,Homeschool Math,03/27/2026 08:34:00 AM
Grade 2 Division Practice Worksheet (19 Problems) - Part 52 | Printable Practice,Teachers and parents love this Division worksheet for Grade 2. Download and print instantly.,https://mathworksheetbank.github.io/html/grade-2-division-practice-worksheet-19-problems-part-52-5055.html,https://mathworksheetbank.github.io/images/grade-2-division-practice-worksheet-19-problems-part-52-5055.jpg,Homeschool Math,03/27/2026 11:01:00 AM
4 Math Trivia Practice Worksheet,Printable Math worksheet designed for Math students. Easy and fun math practice.,https://mathworksheetbank.github.io/html/4-math-trivia-practice-worksheet-4155.html,https://mathworksheetbank.github.io/images/4-math-trivia-practice-worksheet-4155.jpg,Homeschool Math,03/27/2026 01:32:00 PM
Missing Number Math Worksheet,Teachers and parents love this Missing Number worksheet for Grade 1. Download and print instantly.,https://mathworksheetbank.github.io/html/missing-number-math-worksheet-2202.html,https://mathworksheetbank.github.io/images/missing-number-math-worksheet-2202.jpg,Kids Math Worksheets,03/27/2026 04:32:00 PM
Mixed Operations Math Worksheet,Help kids master Mixed Operations with this printable worksheet for Grade 3. Great for daily math practice.,https://mathworksheetbank.github.io/html/mixed-operations-math-worksheet-2379.html,https://mathworksheetbank.github.io/images/mixed-operations-math-worksheet-2379.jpg,Math Practice Printables,03/27/2026 08:29:00 PM
Free 27 Multiplication Math Worksheet For Grade 2 With Answers - Part 56 | Printable Practice,Help kids master Multiplication with this printable worksheet for Grade 2. Great for daily math practice.,https://mathworksheetbank.github.io/html/free-27-multiplication-math-worksheet-for-grade-2-with-answers-part-56-5924.html,https://mathworksheetbank.github.io/images/free-27-multiplication-math-worksheet-for-grade-2-with-answers-part-56-5924.jpg,Printable Worksheets,03/28/2026 08:34:00 AM
Printable Free 14 Subtraction Math Worksheet For Grade 2 - Part 57 | Printable Practice,Printable Subtraction worksheet designed for Grade 2 students. Easy and fun math practice.,https://mathworksheetbank.github.io/html/printable-free-14-subtraction-math-worksheet-for-grade-2-part-57-6131.html,https://mathworksheetbank.github.io/images/printable-free-14-subtraction-math-worksheet-for-grade-2-part-57-6131.jpg,Kids Math Worksheets,03/28/2026 11:00:00 AM
4 Times Table Worksheet For Grade 2 With Answers - Part 58 | Printable Practice,Fun and engaging Times Table worksheet for Grade 2. Perfect printable math practice.,https://mathworksheetbank.github.io/html/4-times-table-worksheet-for-grade-2-with-answers-part-58-6191.html,https://mathworksheetbank.github.io/images/4-times-table-worksheet-for-grade-2-with-answers-part-58-6191.jpg,Math Practice Printables,03/28/2026 01:35:00 PM
Printable Tracing Worksheet For Kids - Part 59 | Free Printable,Free printable Tracing worksheet for Preschool. Perfect for homeschool practice and classroom activities.,https://mathworksheetbank.github.io/html/printable-tracing-worksheet-for-kids-part-59-2265.html,https://mathworksheetbank.github.io/images/printable-tracing-worksheet-for-kids-part-59-2265.jpg,Elementary Math Activities,03/28/2026 04:27:00 PM
Math Word Problem Worksheet,Help kids master Word Problem with this printable worksheet for Grade 3. Great for daily math practice.,https://mathworksheetbank.github.io/html/math-word-problem-worksheet-5515.html,https://mathworksheetbank.github.io/images/math-word-problem-worksheet-5515.jpg,Printable Worksheets,03/28/2026 08:30:00 PM
Grade 5 Addition Practice Worksheet (27 Problems) - Part 61 | Printable Practice,Fun and engaging Addition worksheet for Grade 5. Perfect printable math practice.,https://mathworksheetbank.github.io/html/grade-5-addition-practice-worksheet-27-problems-part-61-7991.html,https://mathworksheetbank.github.io/images/grade-5-addition-practice-worksheet-27-problems-part-61-7991.jpg,Printable Worksheets,03/29/2026 08:27:00 AM
Printable Count and Color Worksheet for Kindergarten Kids,Teachers and parents love this Count and Color worksheet for Kindergarten. Download and print instantly.,https://mathworksheetbank.github.io/html/printable-count-and-color-worksheet-for-kindergarten-kids-2635.html,https://mathworksheetbank.github.io/images/printable-count-and-color-worksheet-for-kindergarten-kids-2635.jpg,Kids Math Worksheets,03/29/2026 11:00:00 AM
Pre-K Count The Objects Worksheet - Part 63 | Printable Practice,Free printable Counting Objects worksheet for Pre-K. Perfect for homeschool practice and classroom activities.,https://mathworksheetbank.github.io/html/pre-k-count-the-objects-worksheet-part-63-3775.html,https://mathworksheetbank.github.io/images/pre-k-count-the-objects-worksheet-part-63-3775.jpg,Homeschool Math,03/29/2026 01:35:00 PM
Free 30 Division Math Worksheet For Grade 1 With Answers - Part 64 | Printable Practice,Free printable Division worksheet for Grade 1. Perfect for homeschool practice and classroom activities.,https://mathworksheetbank.github.io/html/free-30-division-math-worksheet-for-grade-1-with-answers-part-64-8420.html,https://mathworksheetbank.github.io/images/free-30-division-math-worksheet-for-grade-1-with-answers-part-64-8420.jpg,Homeschool Math,03/29/2026 04:31:00 PM
General Knowledge Math Challenge Worksheet (4 Questions),Fun and engaging Math worksheet for Math. Perfect printable math practice.,https://mathworksheetbank.github.io/html/general-knowledge-math-challenge-worksheet-4-questions-7347.html,https://mathworksheetbank.github.io/images/general-knowledge-math-challenge-worksheet-4-questions-7347.jpg,Printable Worksheets,03/29/2026 08:29:00 PM
Missing Number Math Worksheet,Teachers and parents love this Missing Number worksheet for Grade 1. Download and print instantly.,https://mathworksheetbank.github.io/html/missing-number-math-worksheet-4583.html,https://mathworksheetbank.github.io/images/missing-number-math-worksheet-4583.jpg,Printable Worksheets,03/30/2026 08:31:00 AM
Mixed Operations Math Worksheet,Fun and engaging Mixed Operations worksheet for Grade 3. Perfect printable math practice.,https://mathworksheetbank.github.io/html/mixed-operations-math-worksheet-4218.html,https://mathworksheetbank.github.io/images/mixed-operations-math-worksheet-4218.jpg,Kids Math Worksheets,03/30/2026 11:04:00 AM
Free 14 Multiplication Math Worksheet For Grade 2 - Part 68 | Printable Practice,Printable Multiplication worksheet designed for Grade 2 students. Easy and fun math practice.,https://mathworksheetbank.github.io/html/free-14-multiplication-math-worksheet-for-grade-2-part-68-3689.html,https://mathworksheetbank.github.io/images/free-14-multiplication-math-worksheet-for-grade-2-part-68-3689.jpg,Printable Worksheets,03/30/2026 01:31:00 PM
Free 30 Subtraction Math Worksheet For Grade 5 With Answers - Part 69 | Printable Practice,Teachers and parents love this Subtraction worksheet for Grade 5. Download and print instantly.,https://mathworksheetbank.github.io/html/free-30-subtraction-math-worksheet-for-grade-5-with-answers-part-69-3633.html,https://mathworksheetbank.github.io/images/free-30-subtraction-math-worksheet-for-grade-5-with-answers-part-69-3633.jpg,Elementary Math Activities,03/30/2026 04:35:00 PM
10 Times Table Worksheet For Grade 3 With Answers - Part 70 | Printable Practice,Help kids master Times Table with this printable worksheet for Grade 3. Great for daily math practice.,https://mathworksheetbank.github.io/html/10-times-table-worksheet-for-grade-3-with-answers-part-70-7134.html,https://mathworksheetbank.github.io/images/10-times-table-worksheet-for-grade-3-with-answers-part-70-7134.jpg,Elementary Math Activities,03/30/2026 08:36:00 PM
Printable Tracing Worksheet For Kids - Part 71 | Free Printable,Teachers and parents love this Tracing worksheet for Preschool. Download and print instantly.,https://mathworksheetbank.github.io/html/printable-tracing-worksheet-for-kids-part-71-9496.html,https://mathworksheetbank.github.io/images/printable-tracing-worksheet-for-kids-part-71-9496.jpg,Homeschool Math,03/31/2026 08:26:00 AM
Math Word Problem Worksheet,Printable Word Problem worksheet designed for Grade 3 students. Easy and fun math practice.,https://mathworksheetbank.github.io/html/math-word-problem-worksheet-7703.html,https://mathworksheetbank.github.io/images/math-word-problem-worksheet-7703.jpg,Kids Math Worksheets,03/31/2026 11:00:00 AM
Printable Free 22 Addition Math Worksheet For Grade 5 - Part 73 | Printable Practice,Teachers and parents love this Addition worksheet for Grade 5. Download and print instantly.,https://mathworksheetbank.github.io/html/printable-free-22-addition-math-worksheet-for-grade-5-part-73-4041.html,https://mathworksheetbank.github.io/images/printable-free-22-addition-math-worksheet-for-grade-5-part-73-4041.jpg,Homeschool Math,03/31/2026 01:30:00 PM
Kindergarten Count and Color Shapes Worksheet,Fun and engaging Count and Color worksheet for Kindergarten. Perfect printable math practice.,https://mathworksheetbank.github.io/html/kindergarten-count-and-color-shapes-worksheet-4807.html,https://mathworksheetbank.github.io/images/kindergarten-count-and-color-shapes-worksheet-4807.jpg,Printable Worksheets,03/31/2026 04:34:00 PM
Kindergarten Count The Objects Worksheet - Part 75 | Printable Practice,Teachers and parents love this Counting Objects worksheet for Kindergarten. Download and print instantly.,https://mathworksheetbank.github.io/html/kindergarten-count-the-objects-worksheet-part-75-6185.html,https://mathworksheetbank.github.io/images/kindergarten-count-the-objects-worksheet-part-75-6185.jpg,Printable Worksheets,03/31/2026 08:34:00 PM
Free 27 Division Math Worksheet For Grade 2 With Answers - Part 76 | Printable Practice,Fun and engaging Division worksheet for Grade 2. Perfect printable math practice.,https://mathworksheetbank.github.io/html/free-27-division-math-worksheet-for-grade-2-with-answers-part-76-4868.html,https://mathworksheetbank.github.io/images/free-27-division-math-worksheet-for-grade-2-with-answers-part-76-4868.jpg,Printable Worksheets,04/01/2026 08:29:00 AM
Challenging Mathematics Problem Set Quiz Worksheet,Printable Math worksheet designed for Math students. Easy and fun math practice.,https://mathworksheetbank.github.io/html/challenging-mathematics-problem-set-quiz-worksheet-9873.html,https://mathworksheetbank.github.io/images/challenging-mathematics-problem-set-quiz-worksheet-9873.jpg,Elementary Math Activities,04/01/2026 11:07:00 AM
Missing Number Math Worksheet,Printable Missing Number worksheet designed for Grade 1 students. Easy and fun math practice.,https://mathworksheetbank.github.io/html/missing-number-math-worksheet-7609.html,https://mathworksheetbank.github.io/images/missing-number-math-worksheet-7609.jpg,Math Practice Printables,04/01/2026 01:34:00 PM
Mixed Operations Math Worksheet,Printable Mixed Operations worksheet designed for Grade 3 students. Easy and fun math practice.,https://mathworksheetbank.github.io/html/mixed-operations-math-worksheet-5741.html,https://mathworksheetbank.github.io/images/mixed-operations-math-worksheet-5741.jpg,Math Practice Printables,04/01/2026 04:23:00 PM
Free 14 Multiplication Math Worksheet For Grade 2 - Part 80 | Printable Practice,Free printable Multiplication worksheet for Grade 2. Perfect for homeschool practice and classroom activities.,https://mathworksheetbank.github.io/html/free-14-multiplication-math-worksheet-for-grade-2-part-80-1305.html,https://mathworksheetbank.github.io/images/free-14-multiplication-math-worksheet-for-grade-2-part-80-1305.jpg,Math Practice Printables,04/01/2026 08:25:00 PM
Free 19 Subtraction Math Worksheet For Grade 5 With Answers - Part 81 | Printable Practice,Printable Subtraction worksheet designed for Grade 5 students. Easy and fun math practice.,https://mathworksheetbank.github.io/html/free-19-subtraction-math-worksheet-for-grade-5-with-answers-part-81-1401.html,https://mathworksheetbank.github.io/images/free-19-subtraction-math-worksheet-for-grade-5-with-answers-part-81-1401.jpg,Elementary Math Activities,04/02/2026 08:29:00 AM
6 Times Table Worksheet For Grade 3 - Part 82 | Printable Practice,Printable Times Table worksheet designed for Grade 3 students. Easy and fun math practice.,https://mathworksheetbank.github.io/html/6-times-table-worksheet-for-grade-3-part-82-4520.html,https://mathworksheetbank.github.io/images/6-times-table-worksheet-for-grade-3-part-82-4520.jpg,Homeschool Math,04/02/2026 11:00:00 AM
Printable Tracing Worksheet For Kids - Part 83 | Free Printable,Printable Tracing worksheet designed for Kindergarten students. Easy and fun math practice.,https://mathworksheetbank.github.io/html/printable-tracing-worksheet-for-kids-part-83-4327.html,https://mathworksheetbank.github.io/images/printable-tracing-worksheet-for-kids-part-83-4327.jpg,Printable Worksheets,04/02/2026 01:25:00 PM
Math Word Problem Worksheet,Help kids master Word Problem with this printable worksheet for Grade 3. Great for daily math practice.,https://mathworksheetbank.github.io/html/math-word-problem-worksheet-8063.html,https://mathworksheetbank.github.io/images/math-word-problem-worksheet-8063.jpg,Math Practice Printables,04/02/2026 04:22:00 PM
Printable Free 12 Addition Math Worksheet For Grade 3 - Part 85 | Printable Practice,Help kids master Addition with this printable worksheet for Grade 3. Great for daily math practice.,https://mathworksheetbank.github.io/html/printable-free-12-addition-math-worksheet-for-grade-3-part-85-3637.html,https://mathworksheetbank.github.io/images/printable-free-12-addition-math-worksheet-for-grade-3-part-85-3637.jpg,Homeschool Math,04/02/2026 08:32:00 PM
Free Preschool Count and Color Worksheet,Printable Count and Color worksheet designed for Preschool students. Easy and fun math practice.,https://mathworksheetbank.github.io/html/free-preschool-count-and-color-worksheet-8725.html,https://mathworksheetbank.github.io/images/free-preschool-count-and-color-worksheet-8725.jpg,Math Practice Printables,04/03/2026 08:33:00 AM
Free Counting Objects Worksheet For Kindergarten Printable - Part 87 | Printable Practice,Teachers and parents love this Counting Objects worksheet for Kindergarten. Download and print instantly.,https://mathworksheetbank.github.io/html/free-counting-objects-worksheet-for-kindergarten-printable-part-87-1413.html,https://mathworksheetbank.github.io/images/free-counting-objects-worksheet-for-kindergarten-printable-part-87-1413.jpg,Elementary Math Activities,04/03/2026 11:00:00 AM
Free 26 Division Math Worksheet For Grade 2 - Part 88 | Printable Practice,Fun and engaging Division worksheet for Grade 2. Perfect printable math practice.,https://mathworksheetbank.github.io/html/free-26-division-math-worksheet-for-grade-2-part-88-7241.html,https://mathworksheetbank.github.io/images/free-26-division-math-worksheet-for-grade-2-part-88-7241.jpg,Math Practice Printables,04/03/2026 01:32:00 PM
4 Math Quiz Printable Worksheet,Help kids master Math with this printable worksheet for Math. Great for daily math practice.,https://mathworksheetbank.github.io/html/4-math-quiz-printable-worksheet-8366.html,https://mathworksheetbank.github.io/images/4-math-quiz-printable-worksheet-8366.jpg,Homeschool Math,04/03/2026 04:25:00 PM
Missing Number Math Worksheet,Help kids master Missing Number with this printable worksheet for Grade 1. Great for daily math practice.,https://mathworksheetbank.github.io/html/missing-number-math-worksheet-5853.html,https://mathworksheetbank.github.io/images/missing-number-math-worksheet-5853.jpg,Homeschool Math,04/03/2026 08:34:00 PM
Mixed Operations Math Worksheet,Free printable Mixed Operations worksheet for Grade 3. Perfect for homeschool practice and classroom activities.,https://mathworksheetbank.github.io/html/mixed-operations-math-worksheet-2799.html,https://mathworksheetbank.github.io/images/mixed-operations-math-worksheet-2799.jpg,Math Practice Printables,04/04/2026 08:28:00 AM
Free 26 Multiplication Math Worksheet For Grade 2 - Part 92 | Printable Practice,Printable Multiplication worksheet designed for Grade 2 students. Easy and fun math practice.,https://mathworksheetbank.github.io/html/free-26-multiplication-math-worksheet-for-grade-2-part-92-1683.html,https://mathworksheetbank.github.io/images/free-26-multiplication-math-worksheet-for-grade-2-part-92-1683.jpg,Kids Math Worksheets,04/04/2026 11:00:00 AM
Grade 5 Subtraction Practice Worksheet (29 Problems) - Part 93 | Printable Practice,Teachers and parents love this Subtraction worksheet for Grade 5. Download and print instantly.,https://mathworksheetbank.github.io/html/grade-5-subtraction-practice-worksheet-29-problems-part-93-4651.html,https://mathworksheetbank.github.io/images/grade-5-subtraction-practice-worksheet-29-problems-part-93-4651.jpg,Math Practice Printables,04/04/2026 01:24:00 PM
5 Times Table Worksheet For Grade 2 With Answers - Part 94 | Printable Practice,Teachers and parents love this Times Table worksheet for Grade 2. Download and print instantly.,https://mathworksheetbank.github.io/html/5-times-table-worksheet-for-grade-2-with-answers-part-94-7147.html,https://mathworksheetbank.github.io/images/5-times-table-worksheet-for-grade-2-with-answers-part-94-7147.jpg,Math Practice Printables,04/04/2026 04:27:00 PM
Printable Tracing Worksheet For Kids - Part 95 | Free Printable,Free printable Tracing worksheet for Preschool. Perfect for homeschool practice and classroom activities.,https://mathworksheetbank.github.io/html/printable-tracing-worksheet-for-kids-part-95-8202.html,https://mathworksheetbank.github.io/images/printable-tracing-worksheet-for-kids-part-95-8202.jpg,Elementary Math Activities,04/04/2026 08:38:00 PM
Math Word Problem Worksheet,Help kids master Word Problem with this printable worksheet for Grade 3. Great for daily math practice.,https://mathworksheetbank.github.io/html/math-word-problem-worksheet-7454.html,https://mathworksheetbank.github.io/images/math-word-problem-worksheet-7454.jpg,Elementary Math Activities,04/05/2026 08:38:00 AM
Grade 5 Addition Practice Worksheet (25 Problems) - Part 97 | Printable Practice,Printable Addition worksheet designed for Grade 5 students. Easy and fun math practice.,https://mathworksheetbank.github.io/html/grade-5-addition-practice-worksheet-25-problems-part-97-8178.html,https://mathworksheetbank.github.io/images/grade-5-addition-practice-worksheet-25-problems-part-97-8178.jpg,Printable Worksheets,04/05/2026 11:00:00 AM
5 Free Count and Color Worksheets for Kindergarten,Printable Count and Color worksheet designed for Kindergarten students. Easy and fun math practice.,https://mathworksheetbank.github.io/html/5-free-count-and-color-worksheets-for-kindergarten-5829.html,https://mathworksheetbank.github.io/images/5-free-count-and-color-worksheets-for-kindergarten-5829.jpg,Kids Math Worksheets,04/05/2026 01:34:00 PM
Kindergarten Count The Objects Worksheet - Part 99 | Printable Practice,Fun and engaging Counting Objects worksheet for Kindergarten. Perfect printable math practice.,https://mathworksheetbank.github.io/html/kindergarten-count-the-objects-worksheet-part-99-2268.html,https://mathworksheetbank.github.io/images/kindergarten-count-the-objects-worksheet-part-99-2268.jpg,Printable Worksheets,04/05/2026 04:22:00 PM
Grade 1 Division Practice Worksheet (22 Problems) - Part 100 | Printable Practice,Fun and engaging Division worksheet for Grade 1. Perfect printable math practice.,https://mathworksheetbank.github.io/html/grade-1-division-practice-worksheet-22-problems-part-100-7517.html,https://mathworksheetbank.github.io/images/grade-1-division-practice-worksheet-22-problems-part-100-7517.jpg,Homeschool Math,04/05/2026 08:22:00 PM
7 Math Challenge for Math Learners,Help kids master Math with this printable worksheet for Math. Great for daily math practice.,https://mathworksheetbank.github.io/html/7-math-challenge-for-math-learners-2421.html,https://mathworksheetbank.github.io/images/7-math-challenge-for-math-learners-2421.jpg,Printable Worksheets,04/06/2026 08:25:00 AM
Missing Number Math Worksheet,Free printable Missing Number worksheet for Grade 1. Perfect for homeschool practice and classroom activities.,https://mathworksheetbank.github.io/html/missing-number-math-worksheet-5222.html,https://mathworksheetbank.github.io/images/missing-number-math-worksheet-5222.jpg,Printable Worksheets,04/06/2026 11:00:00 AM
Mixed Operations Math Worksheet,Printable Mixed Operations worksheet designed for Grade 3 students. Easy and fun math practice.,https://mathworksheetbank.github.io/html/mixed-operations-math-worksheet-7119.html,https://mathworksheetbank.github.io/images/mixed-operations-math-worksheet-7119.jpg,Kids Math Worksheets,04/06/2026 01:37:00 PM
Printable Free 13 Multiplication Math Worksheet For Grade 1 - Part 104 | Printable Practice,Teachers and parents love this Multiplication worksheet for Grade 1. Download and print instantly.,https://mathworksheetbank.github.io/html/printable-free-13-multiplication-math-worksheet-for-grade-1-part-104-7420.html,https://mathworksheetbank.github.io/images/printable-free-13-multiplication-math-worksheet-for-grade-1-part-104-7420.jpg,Math Practice Printables,04/06/2026 04:22:00 PM
Free 11 Subtraction Math Worksheet For Grade 5 With Answers - Part 105 | Printable Practice,Fun and engaging Subtraction worksheet for Grade 5. Perfect printable math practice.,https://mathworksheetbank.github.io/html/free-11-subtraction-math-worksheet-for-grade-5-with-answers-part-105-7168.html,https://mathworksheetbank.github.io/images/free-11-subtraction-math-worksheet-for-grade-5-with-answers-part-105-7168.jpg,Kids Math Worksheets,04/06/2026 08:33:00 PM
Printable 11 Times Table Worksheet For Grade 4 - Part 106 | Printable Practice,Fun and engaging Times Table worksheet for Grade 4. Perfect printable math practice.,https://mathworksheetbank.github.io/html/printable-11-times-table-worksheet-for-grade-4-part-106-7222.html,https://mathworksheetbank.github.io/images/printable-11-times-table-worksheet-for-grade-4-part-106-7222.jpg,Printable Worksheets,04/07/2026 08:28:00 AM
Printable Tracing Worksheet For Kids - Part 107 | Free Printable,Free printable Tracing worksheet for Preschool. Perfect for homeschool practice and classroom activities.,https://mathworksheetbank.github.io/html/printable-tracing-worksheet-for-kids-part-107-9674.html,https://mathworksheetbank.github.io/images/printable-tracing-worksheet-for-kids-part-107-9674.jpg,Printable Worksheets,04/07/2026 11:02:00 AM
Math Word Problem Worksheet,Help kids master Word Problem with this printable worksheet for Grade 3. Great for daily math practice.,https://mathworksheetbank.github.io/html/math-word-problem-worksheet-9599.html,https://mathworksheetbank.github.io/images/math-word-problem-worksheet-9599.jpg,Printable Worksheets,04/07/2026 01:34:00 PM
Free 24 Addition Math Worksheet For Grade 1 - Part 109 | Printable Practice,Printable Addition worksheet designed for Grade 1 students. Easy and fun math practice.,https://mathworksheetbank.github.io/html/free-24-addition-math-worksheet-for-grade-1-part-109-2714.html,https://mathworksheetbank.github.io/images/free-24-addition-math-worksheet-for-grade-1-part-109-2714.jpg,Printable Worksheets,04/07/2026 04:27:00 PM
Printable Count and Color Worksheet for Preschool Kids,Free printable Count and Color worksheet for Preschool. Perfect for homeschool practice and classroom activities.,https://mathworksheetbank.github.io/html/printable-count-and-color-worksheet-for-preschool-kids-1757.html,https://mathworksheetbank.github.io/images/printable-count-and-color-worksheet-for-preschool-kids-1757.jpg,Math Practice Printables,04/07/2026 08:34:00 PM
Free Counting Objects Worksheet For Kindergarten Printable - Part 111 | Printable Practice,Fun and engaging Counting Objects worksheet for Kindergarten. Perfect printable math practice.,https://mathworksheetbank.github.io/html/free-counting-objects-worksheet-for-kindergarten-printable-part-111-8953.html,https://mathworksheetbank.github.io/images/free-counting-objects-worksheet-for-kindergarten-printable-part-111-8953.jpg,Elementary Math Activities,04/08/2026 08:35:00 AM
Free 10 Division Math Worksheet For Grade 1 - Part 112 | Printable Practice,Free printable Division worksheet for Grade 1. Perfect for homeschool practice and classroom activities.,https://mathworksheetbank.github.io/html/free-10-division-math-worksheet-for-grade-1-part-112-7640.html,https://mathworksheetbank.github.io/images/free-10-division-math-worksheet-for-grade-1-part-112-7640.jpg,Elementary Math Activities,04/08/2026 11:08:00 AM
4 General Math Quiz Printable Worksheet,Free printable Math worksheet for Math. Perfect for homeschool practice and classroom activities.,https://mathworksheetbank.github.io/html/4-general-math-quiz-printable-worksheet-4830.html,https://mathworksheetbank.github.io/images/4-general-math-quiz-printable-worksheet-4830.jpg,Math Practice Printables,04/08/2026 01:37:00 PM
Missing Number Math Worksheet,Help kids master Missing Number with this printable worksheet for Grade 1. Great for daily math practice.,https://mathworksheetbank.github.io/html/missing-number-math-worksheet-5304.html,https://mathworksheetbank.github.io/images/missing-number-math-worksheet-5304.jpg,Printable Worksheets,04/08/2026 04:23:00 PM
Mixed Operations Math Worksheet,Help kids master Mixed Operations with this printable worksheet for Grade 3. Great for daily math practice.,https://mathworksheetbank.github.io/html/mixed-operations-math-worksheet-4083.html,https://mathworksheetbank.github.io/images/mixed-operations-math-worksheet-4083.jpg,Elementary Math Activities,04/08/2026 08:32:00 PM
Grade 2 Multiplication Practice Worksheet (17 Problems) - Part 116 | Printable Practice,Teachers and parents love this Multiplication worksheet for Grade 2. Download and print instantly.,https://mathworksheetbank.github.io/html/grade-2-multiplication-practice-worksheet-17-problems-part-116-3088.html,https://mathworksheetbank.github.io/images/grade-2-multiplication-practice-worksheet-17-problems-part-116-3088.jpg,Printable Worksheets,04/09/2026 08:23:00 AM
Free 21 Subtraction Math Worksheet For Grade 5 With Answers - Part 117 | Printable Practice,Free printable Subtraction worksheet for Grade 5. Perfect for homeschool practice and classroom activities.,https://mathworksheetbank.github.io/html/free-21-subtraction-math-worksheet-for-grade-5-with-answers-part-117-2313.html,https://mathworksheetbank.github.io/images/free-21-subtraction-math-worksheet-for-grade-5-with-answers-part-117-2313.jpg,Homeschool Math,04/09/2026 11:00:00 AM
Grade 3 Multiplication Table 6 Practice - Part 118 | Printable Practice,Printable Times Table worksheet designed for Grade 3 students. Easy and fun math practice.,https://mathworksheetbank.github.io/html/grade-3-multiplication-table-6-practice-part-118-4929.html,https://mathworksheetbank.github.io/images/grade-3-multiplication-table-6-practice-part-118-4929.jpg,Homeschool Math,04/09/2026 01:35:00 PM
Printable Tracing Worksheet For Kids - Part 119 | Free Printable,Teachers and parents love this Tracing worksheet for Kindergarten. Download and print instantly.,https://mathworksheetbank.github.io/html/printable-tracing-worksheet-for-kids-part-119-1408.html,https://mathworksheetbank.github.io/images/printable-tracing-worksheet-for-kids-part-119-1408.jpg,Kids Math Worksheets,04/09/2026 04:22:00 PM
Math Word Problem Worksheet,Free printable Word Problem worksheet for Grade 3. Perfect for homeschool practice and classroom activities.,https://mathworksheetbank.github.io/html/math-word-problem-worksheet-7887.html,https://mathworksheetbank.github.io/images/math-word-problem-worksheet-7887.jpg,Homeschool Math,04/09/2026 08:34:00 PM
Free 19 Addition Math Worksheet For Grade 1 With Answers - Part 121 | Printable Practice,Free printable Addition worksheet for Grade 1. Perfect for homeschool practice and classroom activities.,https://mathworksheetbank.github.io/html/free-19-addition-math-worksheet-for-grade-1-with-answers-part-121-4612.html,https://mathworksheetbank.github.io/images/free-19-addition-math-worksheet-for-grade-1-with-answers-part-121-4612.jpg,Printable Worksheets,04/10/2026 08:36:00 AM
Fun Count and Color Objects Worksheet for Grade 1,Help kids master Count and Color with this printable worksheet for Grade 1. Great for daily math practice.,https://mathworksheetbank.github.io/html/fun-count-and-color-objects-worksheet-for-grade-1-8124.html,https://mathworksheetbank.github.io/images/fun-count-and-color-objects-worksheet-for-grade-1-8124.jpg,Math Practice Printables,04/10/2026 11:05:00 AM
Free Counting Objects Worksheet For Pre-K - Part 123 | Printable Practice,Printable Counting Objects worksheet designed for Pre-K students. Easy and fun math practice.,https://mathworksheetbank.github.io/html/free-counting-objects-worksheet-for-pre-k-part-123-1325.html,https://mathworksheetbank.github.io/images/free-counting-objects-worksheet-for-pre-k-part-123-1325.jpg,Printable Worksheets,04/10/2026 01:25:00 PM
Free 17 Division Math Worksheet For Grade 2 With Answers - Part 124 | Printable Practice,Printable Division worksheet designed for Grade 2 students. Easy and fun math practice.,https://mathworksheetbank.github.io/html/free-17-division-math-worksheet-for-grade-2-with-answers-part-124-2231.html,https://mathworksheetbank.github.io/images/free-17-division-math-worksheet-for-grade-2-with-answers-part-124-2231.jpg,Printable Worksheets,04/10/2026 04:37:00 PM
Challenging Math Quiz Worksheet (4 Questions),Free printable Math worksheet for Math. Perfect for homeschool practice and classroom activities.,https://mathworksheetbank.github.io/html/challenging-math-quiz-worksheet-4-questions-8454.html,https://mathworksheetbank.github.io/images/challenging-math-quiz-worksheet-4-questions-8454.jpg,Math Practice Printables,04/10/2026 08:28:00 PM
Missing Number Math Worksheet,Free printable Missing Number worksheet for Grade 1. Perfect for homeschool practice and classroom activities.,https://mathworksheetbank.github.io/html/missing-number-math-worksheet-5470.html,https://mathworksheetbank.github.io/images/missing-number-math-worksheet-5470.jpg,Printable Worksheets,04/11/2026 08:23:00 AM
Mixed Operations Math Worksheet,Fun and engaging Mixed Operations worksheet for Grade 3. Perfect printable math practice.,https://mathworksheetbank.github.io/html/mixed-operations-math-worksheet-8536.html,https://mathworksheetbank.github.io/images/mixed-operations-math-worksheet-8536.jpg,Homeschool Math,04/11/2026 11:05:00 AM
Printable Free 16 Multiplication Math Worksheet For Grade 1 - Part 128 | Printable Practice,Fun and engaging Multiplication worksheet for Grade 1. Perfect printable math practice.,https://mathworksheetbank.github.io/html/printable-free-16-multiplication-math-worksheet-for-grade-1-part-128-8972.html,https://mathworksheetbank.github.io/images/printable-free-16-multiplication-math-worksheet-for-grade-1-part-128-8972.jpg,Math Practice Printables,04/11/2026 01:36:00 PM
Grade 5 Subtraction Practice Worksheet (24 Problems) - Part 129 | Printable Practice,Free printable Subtraction worksheet for Grade 5. Perfect for homeschool practice and classroom activities.,https://mathworksheetbank.github.io/html/grade-5-subtraction-practice-worksheet-24-problems-part-129-2799.html,https://mathworksheetbank.github.io/images/grade-5-subtraction-practice-worksheet-24-problems-part-129-2799.jpg,Homeschool Math,04/11/2026 04:36:00 PM
Grade 4 Multiplication Table 11 Practice - Part 130 | Printable Practice,Printable Times Table worksheet designed for Grade 4 students. Easy and fun math practice.,https://mathworksheetbank.github.io/html/grade-4-multiplication-table-11-practice-part-130-6758.html,https://mathworksheetbank.github.io/images/grade-4-multiplication-table-11-practice-part-130-6758.jpg,Elementary Math Activities,04/11/2026 08:31:00 PM
Printable Tracing Worksheet For Kids - Part 131 | Free Printable,Fun and engaging Tracing worksheet for Kindergarten. Perfect printable math practice.,https://mathworksheetbank.github.io/html/printable-tracing-worksheet-for-kids-part-131-7331.html,https://mathworksheetbank.github.io/images/printable-tracing-worksheet-for-kids-part-131-7331.jpg,Math Practice Printables,04/12/2026 08:28:00 AM
Math Word Problem Worksheet,Fun and engaging Word Problem worksheet for Grade 3. Perfect printable math practice.,https://mathworksheetbank.github.io/html/math-word-problem-worksheet-1068.html,https://mathworksheetbank.github.io/images/math-word-problem-worksheet-1068.jpg,Homeschool Math,04/12/2026 11:00:00 AM
Free 22 Addition Math Worksheet For Grade 5 With Answers - Part 133 | Printable Practice,Free printable Addition worksheet for Grade 5. Perfect for homeschool practice and classroom activities.,https://mathworksheetbank.github.io/html/free-22-addition-math-worksheet-for-grade-5-with-answers-part-133-4452.html,https://mathworksheetbank.github.io/images/free-22-addition-math-worksheet-for-grade-5-with-answers-part-133-4452.jpg,Math Practice Printables,04/12/2026 01:26:00 PM
Free Grade 1 Count and Color Worksheet,Teachers and parents love this Count and Color worksheet for Grade 1. Download and print instantly.,https://mathworksheetbank.github.io/html/free-grade-1-count-and-color-worksheet-6773.html,https://mathworksheetbank.github.io/images/free-grade-1-count-and-color-worksheet-6773.jpg,Homeschool Math,04/12/2026 04:27:00 PM
Free Counting Objects Worksheet For Kindergarten - Part 135 | Printable Practice,Help kids master Counting Objects with this printable worksheet for Kindergarten. Great for daily math practice.,https://mathworksheetbank.github.io/html/free-counting-objects-worksheet-for-kindergarten-part-135-8375.html,https://mathworksheetbank.github.io/images/free-counting-objects-worksheet-for-kindergarten-part-135-8375.jpg,Elementary Math Activities,04/12/2026 08:35:00 PM
Printable Free 13 Division Math Worksheet For Grade 2 - Part 136 | Printable Practice,Free printable Division worksheet for Grade 2. Perfect for homeschool practice and classroom activities.,https://mathworksheetbank.github.io/html/printable-free-13-division-math-worksheet-for-grade-2-part-136-3712.html,https://mathworksheetbank.github.io/images/printable-free-13-division-math-worksheet-for-grade-2-part-136-3712.jpg,Printable Worksheets,04/13/2026 08:30:00 AM
Practice Math Challenge for Students (8 Questions),Free printable Math worksheet for Math. Perfect for homeschool practice and classroom activities.,https://mathworksheetbank.github.io/html/practice-math-challenge-for-students-8-questions-9373.html,https://mathworksheetbank.github.io/images/practice-math-challenge-for-students-8-questions-9373.jpg,Math Practice Printables,04/13/2026 11:08:00 AM
Missing Number Math Worksheet,Teachers and parents love this Missing Number worksheet for Grade 1. Download and print instantly.,https://mathworksheetbank.github.io/html/missing-number-math-worksheet-1854.html,https://mathworksheetbank.github.io/images/missing-number-math-worksheet-1854.jpg,Elementary Math Activities,04/13/2026 01:31:00 PM
Mixed Operations Math Worksheet,Fun and engaging Mixed Operations worksheet for Grade 3. Perfect printable math practice.,https://mathworksheetbank.github.io/html/mixed-operations-math-worksheet-4417.html,https://mathworksheetbank.github.io/images/mixed-operations-math-worksheet-4417.jpg,Elementary Math Activities,04/13/2026 04:34:00 PM
Free 12 Multiplication Math Worksheet For Grade 1 With Answers - Part 140 | Printable Practice,Help kids master Multiplication with this printable worksheet for Grade 1. Great for daily math practice.,https://mathworksheetbank.github.io/html/free-12-multiplication-math-worksheet-for-grade-1-with-answers-part-140-8962.html,https://mathworksheetbank.github.io/images/free-12-multiplication-math-worksheet-for-grade-1-with-answers-part-140-8962.jpg,Math Practice Printables,04/13/2026 08:24:00 PM
Printable Free 14 Subtraction Math Worksheet For Grade 5 - Part 141 | Printable Practice,Free printable Subtraction worksheet for Grade 5. Perfect for homeschool practice and classroom activities.,https://mathworksheetbank.github.io/html/printable-free-14-subtraction-math-worksheet-for-grade-5-part-141-6854.html,https://mathworksheetbank.github.io/images/printable-free-14-subtraction-math-worksheet-for-grade-5-part-141-6854.jpg,Homeschool Math,04/14/2026 08:29:00 AM
Grade 4 Multiplication Table 12 Practice - Part 142 | Printable Practice,Teachers and parents love this Times Table worksheet for Grade 4. Download and print instantly.,https://mathworksheetbank.github.io/html/grade-4-multiplication-table-12-practice-part-142-6068.html,https://mathworksheetbank.github.io/images/grade-4-multiplication-table-12-practice-part-142-6068.jpg,Homeschool Math,04/14/2026 11:07:00 AM
Printable Tracing Worksheet For Kids - Part 143 | Free Printable,Help kids master Tracing with this printable worksheet for Preschool. Great for daily math practice.,https://mathworksheetbank.github.io/html/printable-tracing-worksheet-for-kids-part-143-1140.html,https://mathworksheetbank.github.io/images/printable-tracing-worksheet-for-kids-part-143-1140.jpg,Math Practice Printables,04/14/2026 01:36:00 PM
Math Word Problem Worksheet,Teachers and parents love this Word Problem worksheet for Grade 3. Download and print instantly.,https://mathworksheetbank.github.io/html/math-word-problem-worksheet-7779.html,https://mathworksheetbank.github.io/images/math-word-problem-worksheet-7779.jpg,Homeschool Math,04/14/2026 04:34:00 PM
Grade 1 Addition Practice Worksheet (24 Problems) - Part 145 | Printable Practice,Help kids master Addition with this printable worksheet for Grade 1. Great for daily math practice.,https://mathworksheetbank.github.io/html/grade-1-addition-practice-worksheet-24-problems-part-145-1757.html,https://mathworksheetbank.github.io/images/grade-1-addition-practice-worksheet-24-problems-part-145-1757.jpg,Kids Math Worksheets,04/14/2026 08:25:00 PM
Free Preschool Count and Color Worksheet,Printable Count and Color worksheet designed for Preschool students. Easy and fun math practice.,https://mathworksheetbank.github.io/html/free-preschool-count-and-color-worksheet-4442.html,https://mathworksheetbank.github.io/images/free-preschool-count-and-color-worksheet-4442.jpg,Kids Math Worksheets,04/15/2026 08:24:00 AM
Free Counting Objects Worksheet For Kindergarten Printable - Part 147 | Printable Practice,Teachers and parents love this Counting Objects worksheet for Kindergarten. Download and print instantly.,https://mathworksheetbank.github.io/html/free-counting-objects-worksheet-for-kindergarten-printable-part-147-5199.html,https://mathworksheetbank.github.io/images/free-counting-objects-worksheet-for-kindergarten-printable-part-147-5199.jpg,Homeschool Math,04/15/2026 11:00:00 AM
Free 15 Division Math Worksheet For Grade 2 - Part 148 | Printable Practice,Teachers and parents love this Division worksheet for Grade 2. Download and print instantly.,https://mathworksheetbank.github.io/html/free-15-division-math-worksheet-for-grade-2-part-148-5376.html,https://mathworksheetbank.github.io/images/free-15-division-math-worksheet-for-grade-2-part-148-5376.jpg,Elementary Math Activities,04/15/2026 01:22:00 PM
Interactive Math Quiz for Students (4 Questions),Free printable Math worksheet for Math. Perfect for homeschool practice and classroom activities.,https://mathworksheetbank.github.io/html/interactive-math-quiz-for-students-4-questions-8750.html,https://mathworksheetbank.github.io/images/interactive-math-quiz-for-students-4-questions-8750.jpg,Homeschool Math,04/15/2026 04:26:00 PM
Missing Number Math Worksheet,Fun and engaging Missing Number worksheet for Grade 1. Perfect printable math practice.,https://mathworksheetbank.github.io/html/missing-number-math-worksheet-6983.html,https://mathworksheetbank.github.io/images/missing-number-math-worksheet-6983.jpg,Homeschool Math,04/15/2026 08:34:00 PM
Mixed Operations Math Worksheet,Printable Mixed Operations worksheet designed for Grade 3 students. Easy and fun math practice.,https://mathworksheetbank.github.io/html/mixed-operations-math-worksheet-1051.html,https://mathworksheetbank.github.io/images/mixed-operations-math-worksheet-1051.jpg,Kids Math Worksheets,04/16/2026 08:35:00 AM
Printable Free 11 Multiplication Math Worksheet For Grade 2 - Part 152 | Printable Practice,Help kids master Multiplication with this printable worksheet for Grade 2. Great for daily math practice.,https://mathworksheetbank.github.io/html/printable-free-11-multiplication-math-worksheet-for-grade-2-part-152-8835.html,https://mathworksheetbank.github.io/images/printable-free-11-multiplication-math-worksheet-for-grade-2-part-152-8835.jpg,Kids Math Worksheets,04/16/2026 11:00:00 AM
Printable Free 18 Subtraction Math Worksheet For Grade 5 - Part 153 | Printable Practice,Free printable Subtraction worksheet for Grade 5. Perfect for homeschool practice and classroom activities.,https://mathworksheetbank.github.io/html/printable-free-18-subtraction-math-worksheet-for-grade-5-part-153-2436.html,https://mathworksheetbank.github.io/images/printable-free-18-subtraction-math-worksheet-for-grade-5-part-153-2436.jpg,Math Practice Printables,04/16/2026 01:29:00 PM
10 Times Table Worksheet For Grade 3 With Answers - Part 154 | Printable Practice,Fun and engaging Times Table worksheet for Grade 3. Perfect printable math practice.,https://mathworksheetbank.github.io/html/10-times-table-worksheet-for-grade-3-with-answers-part-154-3839.html,https://mathworksheetbank.github.io/images/10-times-table-worksheet-for-grade-3-with-answers-part-154-3839.jpg,Kids Math Worksheets,04/16/2026 04:30:00 PM
Printable Tracing Worksheet For Kids - Part 155 | Free Printable,Fun and engaging Tracing worksheet for Kindergarten. Perfect printable math practice.,https://mathworksheetbank.github.io/html/printable-tracing-worksheet-for-kids-part-155-1549.html,https://mathworksheetbank.github.io/images/printable-tracing-worksheet-for-kids-part-155-1549.jpg,Printable Worksheets,04/16/2026 08:24:00 PM
Math Word Problem Worksheet,Teachers and parents love this Word Problem worksheet for Grade 3. Download and print instantly.,https://mathworksheetbank.github.io/html/math-word-problem-worksheet-7054.html,https://mathworksheetbank.github.io/images/math-word-problem-worksheet-7054.jpg,Printable Worksheets,04/17/2026 08:29:00 AM
Grade 1 Addition Practice Worksheet (27 Problems) - Part 157 | Printable Practice,Printable Addition worksheet designed for Grade 1 students. Easy and fun math practice.,https://mathworksheetbank.github.io/html/grade-1-addition-practice-worksheet-27-problems-part-157-1689.html,https://mathworksheetbank.github.io/images/grade-1-addition-practice-worksheet-27-problems-part-157-1689.jpg,Homeschool Math,04/17/2026 11:00:00 AM
Printable Count and Color Worksheet for Preschool Kids,Printable Count and Color worksheet designed for Preschool students. Easy and fun math practice.,https://mathworksheetbank.github.io/html/printable-count-and-color-worksheet-for-preschool-kids-5851.html,https://mathworksheetbank.github.io/images/printable-count-and-color-worksheet-for-preschool-kids-5851.jpg,Math Practice Printables,04/17/2026 01:29:00 PM
Free Counting Objects Worksheet For Kindergarten - Part 159 | Printable Practice,Teachers and parents love this Counting Objects worksheet for Kindergarten. Download and print instantly.,https://mathworksheetbank.github.io/html/free-counting-objects-worksheet-for-kindergarten-part-159-7510.html,https://mathworksheetbank.github.io/images/free-counting-objects-worksheet-for-kindergarten-part-159-7510.jpg,Elementary Math Activities,04/17/2026 04:32:00 PM
Grade 2 Division Practice Worksheet (17 Problems) - Part 160 | Printable Practice,Help kids master Division with this printable worksheet for Grade 2. Great for daily math practice.,https://mathworksheetbank.github.io/html/grade-2-division-practice-worksheet-17-problems-part-160-7579.html,https://mathworksheetbank.github.io/images/grade-2-division-practice-worksheet-17-problems-part-160-7579.jpg,Math Practice Printables,04/17/2026 08:33:00 PM
7 Mathematics Practice Practice Worksheet,Printable Math worksheet designed for Math students. Easy and fun math practice.,https://mathworksheetbank.github.io/html/7-mathematics-practice-practice-worksheet-9365.html,https://mathworksheetbank.github.io/images/7-mathematics-practice-practice-worksheet-9365.jpg,Elementary Math Activities,04/18/2026 08:28:00 AM
Missing Number Math Worksheet,Teachers and parents love this Missing Number worksheet for Grade 1. Download and print instantly.,https://mathworksheetbank.github.io/html/missing-number-math-worksheet-3103.html,https://mathworksheetbank.github.io/images/missing-number-math-worksheet-3103.jpg,Homeschool Math,04/18/2026 11:07:00 AM
Mixed Operations Math Worksheet,Help kids master Mixed Operations with this printable worksheet for Grade 3. Great for daily math practice.,https://mathworksheetbank.github.io/html/mixed-operations-math-worksheet-9497.html,https://mathworksheetbank.github.io/images/mixed-operations-math-worksheet-9497.jpg,Kids Math Worksheets,04/18/2026 01:30:00 PM
Printable Free 14 Multiplication Math Worksheet For Grade 1 - Part 164 | Printable Practice,Help kids master Multiplication with this printable worksheet for Grade 1. Great for daily math practice.,https://mathworksheetbank.github.io/html/printable-free-14-multiplication-math-worksheet-for-grade-1-part-164-4389.html,https://mathworksheetbank.github.io/images/printable-free-14-multiplication-math-worksheet-for-grade-1-part-164-4389.jpg,Elementary Math Activities,04/18/2026 04:29:00 PM
Grade 2 Subtraction Practice Worksheet (13 Problems) - Part 165 | Printable Practice,Printable Subtraction worksheet designed for Grade 2 students. Easy and fun math practice.,https://mathworksheetbank.github.io/html/grade-2-subtraction-practice-worksheet-13-problems-part-165-8214.html,https://mathworksheetbank.github.io/images/grade-2-subtraction-practice-worksheet-13-problems-part-165-8214.jpg,Homeschool Math,04/18/2026 08:23:00 PM
Printable 8 Times Table Worksheet For Grade 3 - Part 166 | Printable Practice,Fun and engaging Times Table worksheet for Grade 3. Perfect printable math practice.,https://mathworksheetbank.github.io/html/printable-8-times-table-worksheet-for-grade-3-part-166-8824.html,https://mathworksheetbank.github.io/images/printable-8-times-table-worksheet-for-grade-3-part-166-8824.jpg,Kids Math Worksheets,04/19/2026 08:35:00 AM
Printable Tracing Worksheet For Kids - Part 167 | Free Printable,Free printable Tracing worksheet for Preschool. Perfect for homeschool practice and classroom activities.,https://mathworksheetbank.github.io/html/printable-tracing-worksheet-for-kids-part-167-3087.html,https://mathworksheetbank.github.io/images/printable-tracing-worksheet-for-kids-part-167-3087.jpg,Homeschool Math,04/19/2026 11:07:00 AM
Math Word Problem Worksheet,Teachers and parents love this Word Problem worksheet for Grade 3. Download and print instantly.,https://mathworksheetbank.github.io/html/math-word-problem-worksheet-5335.html,https://mathworksheetbank.github.io/images/math-word-problem-worksheet-5335.jpg,Kids Math Worksheets,04/19/2026 01:37:00 PM
Printable Free 25 Addition Math Worksheet For Grade 3 - Part 169 | Printable Practice,Help kids master Addition with this printable worksheet for Grade 3. Great for daily math practice.,https://mathworksheetbank.github.io/html/printable-free-25-addition-math-worksheet-for-grade-3-part-169-2272.html,https://mathworksheetbank.github.io/images/printable-free-25-addition-math-worksheet-for-grade-3-part-169-2272.jpg,Math Practice Printables,04/19/2026 04:36:00 PM
Kindergarten Count and Color Shapes Worksheet,Free printable Count and Color worksheet for Kindergarten. Perfect for homeschool practice and classroom activities.,https://mathworksheetbank.github.io/html/kindergarten-count-and-color-shapes-worksheet-2286.html,https://mathworksheetbank.github.io/images/kindergarten-count-and-color-shapes-worksheet-2286.jpg,Kids Math Worksheets,04/19/2026 08:31:00 PM
Free Counting Objects Worksheet For Kindergarten Printable - Part 171 | Printable Practice,Help kids master Counting Objects with this printable worksheet for Kindergarten. Great for daily math practice.,https://mathworksheetbank.github.io/html/free-counting-objects-worksheet-for-kindergarten-printable-part-171-6002.html,https://mathworksheetbank.github.io/images/free-counting-objects-worksheet-for-kindergarten-printable-part-171-6002.jpg,Printable Worksheets,04/20/2026 08:27:00 AM
Free 25 Division Math Worksheet For Grade 2 With Answers - Part 172 | Printable Practice,Teachers and parents love this Division worksheet for Grade 2. Download and print instantly.,https://mathworksheetbank.github.io/html/free-25-division-math-worksheet-for-grade-2-with-answers-part-172-7275.html,https://mathworksheetbank.github.io/images/free-25-division-math-worksheet-for-grade-2-with-answers-part-172-7275.jpg,Elementary Math Activities,04/20/2026 11:02:00 AM
Interactive Mathematics Quiz Practice Worksheet,Help kids master Math with this printable worksheet for Math. Great for daily math practice.,https://mathworksheetbank.github.io/html/interactive-mathematics-quiz-practice-worksheet-9114.html,https://mathworksheetbank.github.io/images/interactive-mathematics-quiz-practice-worksheet-9114.jpg,Elementary Math Activities,04/20/2026 01:31:00 PM
Missing Number Math Worksheet,Fun and engaging Missing Number worksheet for Grade 1. Perfect printable math practice.,https://mathworksheetbank.github.io/html/missing-number-math-worksheet-4312.html,https://mathworksheetbank.github.io/images/missing-number-math-worksheet-4312.jpg,Math Practice Printables,04/20/2026 04:33:00 PM
Mixed Operations Math Worksheet,Printable Mixed Operations worksheet designed for Grade 3 students. Easy and fun math practice.,https://mathworksheetbank.github.io/html/mixed-operations-math-worksheet-4915.html,https://mathworksheetbank.github.io/images/mixed-operations-math-worksheet-4915.jpg,Kids Math Worksheets,04/20/2026 08:28:00 PM
Free 28 Multiplication Math Worksheet For Grade 2 - Part 176 | Printable Practice,Help kids master Multiplication with this printable worksheet for Grade 2. Great for daily math practice.,https://mathworksheetbank.github.io/html/free-28-multiplication-math-worksheet-for-grade-2-part-176-8379.html,https://mathworksheetbank.github.io/images/free-28-multiplication-math-worksheet-for-grade-2-part-176-8379.jpg,Kids Math Worksheets,04/21/2026 08:34:00 AM
Free 28 Subtraction Math Worksheet For Grade 2 - Part 177 | Printable Practice,Help kids master Subtraction with this printable worksheet for Grade 2. Great for daily math practice.,https://mathworksheetbank.github.io/html/free-28-subtraction-math-worksheet-for-grade-2-part-177-7539.html,https://mathworksheetbank.github.io/images/free-28-subtraction-math-worksheet-for-grade-2-part-177-7539.jpg,Kids Math Worksheets,04/21/2026 11:06:00 AM
12 Times Table Worksheet For Grade 4 With Answers - Part 178 | Printable Practice,Teachers and parents love this Times Table worksheet for Grade 4. Download and print instantly.,https://mathworksheetbank.github.io/html/12-times-table-worksheet-for-grade-4-with-answers-part-178-9820.html,https://mathworksheetbank.github.io/images/12-times-table-worksheet-for-grade-4-with-answers-part-178-9820.jpg,Homeschool Math,04/21/2026 01:31:00 PM
Printable Tracing Worksheet For Kids - Part 179 | Free Printable,Fun and engaging Tracing worksheet for Preschool. Perfect printable math practice.,https://mathworksheetbank.github.io/html/printable-tracing-worksheet-for-kids-part-179-7961.html,https://mathworksheetbank.github.io/images/printable-tracing-worksheet-for-kids-part-179-7961.jpg,Printable Worksheets,04/21/2026 04:31:00 PM
Math Word Problem Worksheet,Fun and engaging Word Problem worksheet for Grade 3. Perfect printable math practice.,https://mathworksheetbank.github.io/html/math-word-problem-worksheet-5778.html,https://mathworksheetbank.github.io/images/math-word-problem-worksheet-5778.jpg,Printable Worksheets,04/21/2026 08:28:00 PM
Free 30 Addition Math Worksheet For Grade 5 - Part 181 | Printable Practice,Teachers and parents love this Addition worksheet for Grade 5. Download and print instantly.,https://mathworksheetbank.github.io/html/free-30-addition-math-worksheet-for-grade-5-part-181-5724.html,https://mathworksheetbank.github.io/images/free-30-addition-math-worksheet-for-grade-5-part-181-5724.jpg,Math Practice Printables,04/22/2026 08:28:00 AM
Printable Count and Color Worksheet for Grade 1 Kids,Help kids master Count and Color with this printable worksheet for Grade 1. Great for daily math practice.,https://mathworksheetbank.github.io/html/printable-count-and-color-worksheet-for-grade-1-kids-4075.html,https://mathworksheetbank.github.io/images/printable-count-and-color-worksheet-for-grade-1-kids-4075.jpg,Printable Worksheets,04/22/2026 11:02:00 AM
Free Counting Objects Worksheet For Kindergarten - Part 183 | Printable Practice,Printable Counting Objects worksheet designed for Kindergarten students. Easy and fun math practice.,https://mathworksheetbank.github.io/html/free-counting-objects-worksheet-for-kindergarten-part-183-4120.html,https://mathworksheetbank.github.io/images/free-counting-objects-worksheet-for-kindergarten-part-183-4120.jpg,Printable Worksheets,04/22/2026 01:29:00 PM
Grade 2 Division Practice Worksheet (17 Problems) - Part 184 | Printable Practice,Teachers and parents love this Division worksheet for Grade 2. Download and print instantly.,https://mathworksheetbank.github.io/html/grade-2-division-practice-worksheet-17-problems-part-184-1079.html,https://mathworksheetbank.github.io/images/grade-2-division-practice-worksheet-17-problems-part-184-1079.jpg,Printable Worksheets,04/22/2026 04:31:00 PM
Ultimate Math Quiz Training Worksheet,Free printable Math worksheet for Math. Perfect for homeschool practice and classroom activities.,https://mathworksheetbank.github.io/html/ultimate-math-quiz-training-worksheet-8451.html,https://mathworksheetbank.github.io/images/ultimate-math-quiz-training-worksheet-8451.jpg,Math Practice Printables,04/22/2026 08:23:00 PM
Missing Number Math Worksheet,Help kids master Missing Number with this printable worksheet for Grade 1. Great for daily math practice.,https://mathworksheetbank.github.io/html/missing-number-math-worksheet-3419.html,https://mathworksheetbank.github.io/images/missing-number-math-worksheet-3419.jpg,Kids Math Worksheets,04/23/2026 08:24:00 AM
Mixed Operations Math Worksheet,Printable Mixed Operations worksheet designed for Grade 3 students. Easy and fun math practice.,https://mathworksheetbank.github.io/html/mixed-operations-math-worksheet-5659.html,https://mathworksheetbank.github.io/images/mixed-operations-math-worksheet-5659.jpg,Math Practice Printables,04/23/2026 11:01:00 AM
Free 22 Multiplication Math Worksheet For Grade 2 - Part 188 | Printable Practice,Printable Multiplication worksheet designed for Grade 2 students. Easy and fun math practice.,https://mathworksheetbank.github.io/html/free-22-multiplication-math-worksheet-for-grade-2-part-188-3594.html,https://mathworksheetbank.github.io/images/free-22-multiplication-math-worksheet-for-grade-2-part-188-3594.jpg,Elementary Math Activities,04/23/2026 01:28:00 PM
Grade 2 Subtraction Practice Worksheet (25 Problems) - Part 189 | Printable Practice,Fun and engaging Subtraction worksheet for Grade 2. Perfect printable math practice.,https://mathworksheetbank.github.io/html/grade-2-subtraction-practice-worksheet-25-problems-part-189-9960.html,https://mathworksheetbank.github.io/images/grade-2-subtraction-practice-worksheet-25-problems-part-189-9960.jpg,Math Practice Printables,04/23/2026 04:32:00 PM
9 Times Table Worksheet For Grade 3 With Answers - Part 190 | Printable Practice,Fun and engaging Times Table worksheet for Grade 3. Perfect printable math practice.,https://mathworksheetbank.github.io/html/9-times-table-worksheet-for-grade-3-with-answers-part-190-1968.html,https://mathworksheetbank.github.io/images/9-times-table-worksheet-for-grade-3-with-answers-part-190-1968.jpg,Printable Worksheets,04/23/2026 08:34:00 PM
Printable Tracing Worksheet For Kids - Part 191 | Free Printable,Free printable Tracing worksheet for Preschool. Perfect for homeschool practice and classroom activities.,https://mathworksheetbank.github.io/html/printable-tracing-worksheet-for-kids-part-191-5074.html,https://mathworksheetbank.github.io/images/printable-tracing-worksheet-for-kids-part-191-5074.jpg,Printable Worksheets,04/24/2026 08:34:00 AM
Math Word Problem Worksheet,Printable Word Problem worksheet designed for Grade 3 students. Easy and fun math practice.,https://mathworksheetbank.github.io/html/math-word-problem-worksheet-5786.html,https://mathworksheetbank.github.io/images/math-word-problem-worksheet-5786.jpg,Homeschool Math,04/24/2026 11:05:00 AM
Free 29 Addition Math Worksheet For Grade 3 - Part 193 | Printable Practice,Printable Addition worksheet designed for Grade 3 students. Easy and fun math practice.,https://mathworksheetbank.github.io/html/free-29-addition-math-worksheet-for-grade-3-part-193-3487.html,https://mathworksheetbank.github.io/images/free-29-addition-math-worksheet-for-grade-3-part-193-3487.jpg,Elementary Math Activities,04/24/2026 01:36:00 PM
Fun Count and Color Objects Worksheet for Grade 1,Printable Count and Color worksheet designed for Grade 1 students. Easy and fun math practice.,https://mathworksheetbank.github.io/html/fun-count-and-color-objects-worksheet-for-grade-1-4536.html,https://mathworksheetbank.github.io/images/fun-count-and-color-objects-worksheet-for-grade-1-4536.jpg,Printable Worksheets,04/24/2026 04:24:00 PM
Kindergarten Count The Objects Worksheet - Part 195 | Printable Practice,Free printable Counting Objects worksheet for Kindergarten. Perfect for homeschool practice and classroom activities.,https://mathworksheetbank.github.io/html/kindergarten-count-the-objects-worksheet-part-195-3838.html,https://mathworksheetbank.github.io/images/kindergarten-count-the-objects-worksheet-part-195-3838.jpg,Homeschool Math,04/24/2026 08:38:00 PM
Free 24 Division Math Worksheet For Grade 2 With Answers - Part 196 | Printable Practice,Fun and engaging Division worksheet for Grade 2. Perfect printable math practice.,https://mathworksheetbank.github.io/html/free-24-division-math-worksheet-for-grade-2-with-answers-part-196-5009.html,https://mathworksheetbank.github.io/images/free-24-division-math-worksheet-for-grade-2-with-answers-part-196-5009.jpg,Printable Worksheets,04/25/2026 08:27:00 AM
4 Mathematics Problem Set Worksheet for Math Learners,Help kids master Math with this printable worksheet for Math. Great for daily math practice.,https://mathworksheetbank.github.io/html/4-mathematics-problem-set-worksheet-for-math-learners-5178.html,https://mathworksheetbank.github.io/images/4-mathematics-problem-set-worksheet-for-math-learners-5178.jpg,Math Practice Printables,04/25/2026 11:00:00 AM
Missing Number Math Worksheet,Help kids master Missing Number with this printable worksheet for Grade 1. Great for daily math practice.,https://mathworksheetbank.github.io/html/missing-number-math-worksheet-1430.html,https://mathworksheetbank.github.io/images/missing-number-math-worksheet-1430.jpg,Math Practice Printables,04/25/2026 01:35:00 PM
Mixed Operations Math Worksheet,Printable Mixed Operations worksheet designed for Grade 3 students. Easy and fun math practice.,https://mathworksheetbank.github.io/html/mixed-operations-math-worksheet-8824.html,https://mathworksheetbank.github.io/images/mixed-operations-math-worksheet-8824.jpg,Homeschool Math,04/25/2026 04:29:00 PM
Grade 1 Multiplication Practice Worksheet (12 Problems) - Part 200 | Printable Practice,Fun and engaging Multiplication worksheet for Grade 1. Perfect printable math practice.,https://mathworksheetbank.github.io/html/grade-1-multiplication-practice-worksheet-12-problems-part-200-3551.html,https://mathworksheetbank.github.io/images/grade-1-multiplication-practice-worksheet-12-problems-part-200-3551.jpg,Elementary Math Activities,04/25/2026 08:24:00 PM
